Study_ID,Hosp_ID,Provider_Ocode
11872,49936243,O000031421
11871,50057436,O000031592
11862,48870939,O000029510
11861,15066576,O000016163
1511,42164232,O000021801
,,
1454,52993862,O000046422
1453,52860001,O000046199
1449,52921773,O000046073
1445,52894136,O000045851
1444,52872167,O000045816
1433,52805129,O000045370
1431,20105567,O000045068
1428,52489736,O000045031
1427,52245309,O000045200
1425,21999549,O000046264
1421,52669587,O000045429
1420,29654686,O000044795
1418,52686429,O000044433
1416,52670974,O000045248
1411,52665080,O000044249
1409,52617959,O000045305
1408,52631450,O000045067
1407,38905357,O000044723
1406,52536168,O000044270
1401,52599291,O000046030
1400,52535475,O000044532
1398,36188240,O000045095
1394,52531031,O000045169
1392,51984430,O000043908
1391,52483529,O000043500
1390,51645418,O000044243
1388,51768638,O000044131
1386,52418633,O000044460
1385,23155826,O000043334
1384,52193547,O000042057
1383,23099421,O000043980
1378,52312540,O000044536
1377,51437763,O000042998
1374,52143915,O000042870
1373,43588095,O000043222
1372,52102015,O000042733
1371,33764171,O000042571
1370,51741594,O000041659
1369,52218275,O000042541
1368,36225334,O000043861
1367,52271625,O000042495
1366,52235117,O000043390
1365,52234943,O000042341
1364,51965749,O000043603
1363,52151985,O000042220
1362,24120582,O000043495
1357,40887034,O000042119
1355,51011457,O000042423
1354,51377948,O000041781
1353,52123036,O000041755
1352,52186741,O000041753
1351,51917586,O000041946
1350,52197455,O000041715
1349,48942757,O000041840
1347,51707037,O000041585
1346,52143496,O000041538
1343,49002614,O000041028
1342,52075238,O000042187
1341,51987648,O000040980
1340,52068401,O000040913
1338,52008896,O000040848
1335,51781787,O000040666
1332,51973043,O000040900
1331,51936981,O000040535
1330,30563689,O000040490
1329,51515221,O000040303
1328,51630283,O000041164
1324,50276314,O000040068
1323,51491729,O000040094
1322,50674918,O000039970
1321,51811619,O000039942
1318,51248800,O000039672
1316,41344972,O000039524
1314,51519331,O000039413
1313,49952120,O000039403
1312,26766472,O000004428
1311,51065632,O000039361
1308,51695482,O000039074
1307,51631705,O000038958
1302,46544544,O000038781
1301,51610816,O000038777
1300,20885065,O000038766
1298,51495118,O000038199
1297,50718661,O000034853
1292,51589602,O000038639
1291,15761369,O000038631
1290,29970946,O000038632
1284,51068523,O000038244
1283,51079910,O000037150
1278,51294113,O000038086
1273,51412276,O000037919
1271,50633481,O000037810
1270,50537266,O000038053
1269,31823719,O000037784
1268,51167211,O000037614
1267,51347783,O000038251
1266,51303505,O000037425
1265,51163466,O000037337
1264,51317410,O000037437
1263,51065810,O000037274
1262,51318134,O000037287
1261,46805706,O000037177
1259,40347985,O000037012
1258,27318984,O000036981
1256,51058759,O000036940
1254,51144852,O000036801
1253,51209742,O000036827
1251,47085341,O000036490
1248,50896345,O000036286
1247,51131483,O000036288
1246,51148258,O000036180
1243,50857333,O000036142
1242,51134266,O000036099
1241,51024871,O000036098
1240,51011084,O000035767
1236,50997022,O000035634
1235,14702057,O000035630
1234,50721922,O000035601
1233,14997259,O000035569
1232,50976405,O000035474
1231,50860966,O000035477
1229,49194955,O000035424
1228,51010043,O000035415
1226,50878183,O000035367
1225,50820108,O000035283
1221,49796382,O000034874
1218,50258950,O000034545
1217,50540200,O000034546
1216,50801594,O000034426
1215,50452079,O000034376
1214,50771484,O000034267
1212,50730546,O000034186
1210,17940928,O000034125
1209,46625652,O000034128
1208,50679696,O000034092
1207,41484135,O000033745
1206,50410619,O000033733
1205,22245098,O000033935
1204,50019232,O000033766
1203,45277492,O000033746
1201,46755337,O000011142
1200,50648142,O000033394
1199,45140127,O000033396
1198,49963409,O000033361
1194,50368150,O000031998
1192,28261322,O000033731
1191,49551565,O000031527
1190,44886521,O000029042
1189,46650812,O000011647
1188,42029656,O000005968
1184,50059595,O000033759
1183,49003578,O000031117
1182,50020302,O000033630
1181,46575106,O000010578
1179,48087179,O000024668
1178,49491500,O000030914
1177,49978425,O000030845
1176,47272765,O000029713
1170,49553592,O000030702
1169,49454068,O000030614
1167,49989951,O000030583
1166,47870695,O000034548
1164,49811661,O000030846
1162,49320552,O000030415
1159,49847901,O000034799
1158,47511927,O000017364
1157,48435507,O000029072
1154,49995127,O000030814
1153,45739611,O000022433
1152,29857269,O000025625
1150,26364155,O000029653
1149,39109378,O000025951
1145,44753599,O000005425
1144,49913404,O000029247
1142,49895195,O000029219
1141,47458336,O000016998
1139,42730886,O000001945
1138,32033944,O000028605
1137,45913433,O000028607
1134,49609907,O000033556
1133,46071109,O000010042
1132,42336493,O000028529
1131,49419731,O000028134
1130,49631517,O000028419
1128,47246982,O000014018
1127,47447437,O000015765
1126,37729473,O000028390
1124,49373291,O000028388
1123,74720110,O000028339
1122,48095170,O000020296
1121,49730964,O000028275
1120,49413012,O000028194
1119,49393466,O000028193
1118,46504988,O000012602
1117,49543470,O000028195
1116,49463714,O000028127
1115,49325014,O000027441
1114,48781635,O000028240
1113,48413569,O000028237
1112,49692574,O000028244
1111,48971971,O000028238
1110,49726763,O000029661
1109,47692819,O000018296
1108,49688568,O000028211
1107,49683929,O000028111
1106,49405686,O000029075
1105,49686416,O000028082
1104,47424225,O000017159
1103,46398431,O000012590
1102,46097118,O000010224
1100,49720587,O000028057
1099,31866451,O000028033
1098,48147002,O000027786
1097,49050707,O000027752
1096,48995340,O000025541
1095,49299689,O000025587
1094,46817329,O000012697
1093,34763342,O000027721
1092,21251108,O000025953
1091,48410786,O000027720
1090,70810453,O000033364
1089,49665224,O000027718
1088,49625341,O000027580
1087,48938114,O000025757
1086,41117682,O000027777
1085,48100483,O000023722
1084,49435795,O000027433
1083,34599983,O000027431
1081,47995905,O000026507
1080,48441456,O000021902
1079,44852946,O000021798
1077,41885620,O000027386
1074,49374946,O000027774
1073,45206096,O000027276
1072,43805613,O000006033
1070,48520513,O000027241
1070,49367917,O000027285
1069,47700075,O000027250
1068,49519996,O000027254
1067,33440343,O000027252
1065,49121685,O000025394
1064,47336962,O000015385
1063,19633358,O000025626
1061,49144455,O000029248
1060,48631204,O000027091
1059,47404733,O000015535
1058,49276624,O000026978
1057,48508335,O000023493
1056,48768238,O000022112
1055,45839597,O000027069
1054,49159907,O000027064
1053,49499270,O000026985
1052,45984884,O000010211
1051,43366783,O000004286
1050,49474707,O000026926
1048,48425339,O000026857
1047,46295309,O000026815
1046,30947504,O000026817
1045,48397960,O000026821
1044,48838238,O000026827
1043,48525587,O000026816
1042,47589463,O000024525
1041,46364825,O000013288
1040,49469394,O000026789
1039,48526744,O000026780
1038,48404109,O000021707
1037,47952054,O000026687
1036,47240991,O000026688
1035,49468959,O000026689
1034,48044862,O000025108
1033,48879392,O000023526
1031,49460296,O000026633
1030,49469116,O000026643
1029,48860886,O000026551
1028,48629876,O000026540
1027,49403255,O000026544
1026,47310869,O000026508
1025,49443044,O000026500
1024,48307082,O000024076
1023,49411270,O000026427
1022,49382048,O000026391
1021,49291546,O000026379
1020,49244317,O000028222
1017,49410075,O000026274
1016,48757740,O000026196
1015,40354820,O000026164
1014,47987517,O000026165
1013,49293458,O000026155
1012,33980339,O000026126
1011,47910409,O000026128
1010,48744946,O000023684
1008,47176672,O000015044
1007,47687297,O000016405
1006,29516335,O000026110
1004,48993786,O000026049
1003,21522367,O000026045
1002,48881597,O000026037
1001,49247330,O000026011
1000,49247378,O000025994
70,40723781,O000003818
69,43982907,O000003787
68,41741636,O000003789
67,43711112,O000003761
66,15418247,O000003691
65,43485088,O000003695
64,43655058,O000003678
63,43056909,O000003575
61,43200489,O000003528
60,43420043,O000003614
59,36792632,O000003613
58,43461044,O000003590
57,42757494,O000003494
56,43320509,O000003428
54,42205335,O000003394
53,43678309,O000003399
52,43461657,O000003397
51,43374450,O000003241
50,35961682,O000003269
49,43387944,O000003263
48,43423383,O000003252
47,43476510,O000003220
45,26035767,O000003116
44,43601347,O000003117
43,43108468,O000003100
42,43337987,O000003072
41,43373293,O000003101
40,43135080,O000002967
39,42981110,O000002966
38,43217317,O000002929
37,43394834,O000002928
36,41973659,O000002919
35,43150166,O000002839
33,43261143,O000002838
32,43391804,O000002858
31,42746610,O000002762
30,12357879,O000002744
29,43035577,O000002684
28,43018503,O000002685
27,43158564,O000002591
26,43052419,O000002439
24,42732534,O000002391
23,43014239,O000002382
22,41907645,O000002418
21,42924799,O000002413
20,42940188,O000002409
18,27931712,O000002372
17,43065275,O000002416
16,42242682,O000002373
15,42828699,O000002330
14,42896337,O000002235
13,41391536,O000002226
12,42903677,O000002207
11,42835705,O000002206
10,42502719,O000002179
9,42781219,O000002178
8,42823865,O000002079
7,42689375,O000002072
5,42724379,O000001886
4,41122590,O000001844
3,42503642,O000001804
2,41644432,O000001750
1,42445760,O000001757
